time, dt.le, dt.lps, dt.re, dt.rps, dt.rsp, i.jx, i.jy, i.ld, i.ljs, i.lu, i.rjs, i.sd, i.sf, i.ssd, i.ssu, i.su, l.sl, lms.s, r.s, s.aes, s.aest, s.hf, s.m, s.sf, s.sp, so.fbe, so.fe, so.lbu, so.lu, so.sbrun, so.sbu, so.su, spid.vsp
-7, , , , , , , , , , , , , , , , , , , Disabled, , , , , , , , , , , , , , 0.0
12293, -0.010461126454096577, , 0.010459813396928998, , , , , , , , , , , , , , , , , , , , , , , , , , , , , , 
12393, , -5.2305632270482886E-6, , 4.183925358771599E-6, 0.0, , , , , , , , , , , , true, false, , 0.0, 0.0, false, 0.0, false, 0.0, false, , false, , true, false, , 
12493, 0.0, 0.0, 0.0, 0.0, , 0.0, 0.0, false, 0.0, false, 0.0, false, false, false, false, false, , , , , , , , , , , false, , false, , , false, 
15893, , , , , , , , , , , , , , , , , , , , -0.20750000000000443, -283.0, , -10.218064124999984, , -0.92, , , , , , true, true, 
16093, , , , , , , , , , , , , , , , , , , , -0.5955000000000127, -2444.0, , -5.337145567979897, , , , , , , , , , 
16293, , , , , , , , , , , , , , , , , , , , -0.8425000000000179, -6182.0, , -1.7518148118679855, , , , , , , , , , 
16493, , , , , , , , , , , , , , , , , , , , -0.8779999999998628, -10796.0, , -0.3549518914143155, , , , , , , , , , 
16693, , , , , , , , , , , , , , , , , , , , -0.9065000000000194, -15227.0, , -0.4986551176122175, , , , , , , , , , 
16893, , , , , , , , , , , , , , , , , , , , -0.8920000000000191, -19716.0, , -0.5759979791736151, , , , , , , , , , 
17093, , , , , , , , , , , , , , , , , , , , -0.8960000000000191, -24197.0, , -0.5480842058113976, , , , , , , , , , 
17293, , , , , , , , , , , , , , , , , , , , -0.8680000000000185, -28676.0, , -0.5853618013131491, , , , , , , , , , 
17493, , , , , , , , , , , , , , , , , , , , -0.8944999999998602, -33150.0, , -0.5310594501147298, , , , , , , , , , 
17693, , , , , , , , , , , , , , , , , , , , -0.8785000000000188, -37623.0, , -0.5906842731354336, , , , , , , , , , 
17893, , , , , , , , , , , , , , , , , , , , -0.9220000000000197, -42114.0, , -0.448453136173448, , , , , , , , , , 
18093, , , , , , , , , , , , , , , , , , , , -0.8815000000000188, -46580.0, , -0.5589524279640373, , , , , , , , , , 
18293, , , , , , , , , , , , , , , , , , , , -0.8900000000000189, -51063.0, , -0.5097962007977731, , , , , , , , , , 
18493, , , , , , , , , , , , , , , , , , , , -0.8919999999998606, -55534.0, , -0.5397029877656095, , , , , , , , , , 
18693, , , , , , , , , , , , , , , , , , , , -0.9030000000000192, -60012.0, , -0.5059706980023256, , , , , , , , , , 
18893, , , , , , , , , , , , , , , , , , , , -0.9060000000000193, -64491.0, , -0.5121701414984655, , , , , , , , , , 
19093, , , , , , , , , , , , , , , , , , , , -0.8895000000000189, -68958.0, , -0.5386756099147587, , , , , , , , , , 
19293, , , , , , , , , , , , , , , , , , , , -0.8825000000000188, -73437.0, , -0.5434691989462827, , , , , , , , , , 
19493, , , , , , , , , , , , , , , , , , , , -0.89599999999986, -77912.0, , -0.5199813018780187, , , , , , , , , , 
19693, , , , , , , , , , , , , , , , , , , , -0.9015000000000192, -82388.0, , -0.5237910826291463, , , , , , , , , , 
19893, , , , , , , , , , , , , , , , , , , , -0.8925000000000191, -86858.0, , -0.5424489766413153, , , , , , , , , , 
20093, , , , , , , , , , , , , true, , , , , , , -0.8950000000000191, -91333.0, , -0.5447841294425252, , , true, true, , , , , , 
20293, , , , , , , , , , , , , , , , , , , , -0.8620000000000183, -95802.0, , -0.6211216996799994, , , , , , , , , , 
20493, -12.499999999998046, -0.006249999999999023, 12.499999999998046, 0.004999999999999219, , , , , , , , , false, , , , , , , -0.8405000000001672, -99641.0, , -1.6633952378782377, , , false, false, , , , , , 
20693, 0.0, 0.0, 0.0, 0.0, , , , , , , , , , , , , , , , -0.8874999999998613, -104236.0, , -0.3674974947193096, , , , , , , , , , 
20893, , , , , , , , , , , , , , , , , , , , -0.90500000000018, -108679.0, , -0.5283335352220838, , , , , , , , , , 
21093, , , , , , , , , , , , , , , , , , , , -0.9005000000001792, -113165.0, , -0.5291235543226103, , , , , , , , , , 
21293, , , , , , , , , , , , , , , , , , , , -0.8759999999998631, -117642.0, , -0.5486016702673787, , , , , , , , , , 
21493, , , , , , , , , , , , , , , , , , , , -0.8995000000001789, -122115.0, , -0.5301783094755047, , , , , , , , , , 
21693, , , , , , , , , , , , , true, , , , , , , -0.89549999999986, -126592.0, , -0.5472246948277935, , , true, true, , , , , , 
21893, , , , , , , , , , , , , false, , , , , , , -0.7730000000001538, -130612.0, , -2.2288043868512033, , , false, false, , , , , , 
22093, 12.499999999998046, 0.006249999999999023, , , , , , , , , , , , , , , , , , -0.9440000000001879, -135033.0, , -0.18948497062447678, , , , , , , , , , 
22293, 0.0, 0.0, , , , , , , , , , , , , , , , , , -0.8684999999998643, -139478.0, , -0.738719526337989, , , , , , , , , , 
22493, , , , , , , , , , , , , , , , , , , , -0.9020000000001794, -143996.0, , -0.472751829340672, , , , , , , , , , 
22693, , , , , , , , , , , , , , , , , , , , -0.8924999999998604, -148458.0, , -0.539148185935881, , , , , , , , , , 
22893, , , , , , , , , , , , , , , , , , , , -0.8945000000001779, -152938.0, , -0.546447528525714, , , , , , , , , , 
23093, , , , , , , , , , , , , , , , , , , , -0.8965000000001784, -157413.0, , -0.5439609659338749, , , , , , , , , , 
23293, 12.500000000002487, 0.006250000000001243, , , , , , , , , , , true, , , , , , , -0.710499999999889, -161784.0, , -1.2951104425268678, , , true, true, , , , , , 
23493, 0.0, 0.0, , , , , , , , , , , false, , , , , , , -0.9120000000001814, -165782.0, , -0.998108023626708, , , false, false, , , , false, false, 
23693, , , , , , , , , , , , , , , , , , , , -0.888999999999861, -170374.0, , -0.5015920720953545, , , , , , , , , , 
23893, , , , , , , , , , , , , , , , , , , , -0.915000000000182, -174835.0, , -0.3893836743635966, , , , , , , , , , 
24093, , , , , , , , , , , , , , , , , , , , -0.8995000000001789, -179303.0, , -0.5131706456275461, , , , , , , , , , 
24293, -12.500000000002487, -0.006250000000001243, , , , , , , , , , , , , , , , , , -0.8799999999998624, -183778.0, , -0.5582730434830446, , , , , , , , , , 
24493, 12.499999999998046, 0.006249999999999023, , , , , , , , , , , , , , , , , , -0.8945000000001779, -188255.0, , -0.5394471214393616, , , , , , , , , , 
24693, -12.499999999998046, -0.006249999999999023, , , , , , , , , , , , , , , , , , -0.8944999999998602, -192728.0, , -0.5466029468057731, , , , , , , , , , 
24893, 0.0, 0.0, , , , , , , , , , , , , , , , , , -0.9010000000001793, -197206.0, , -0.5180278781058806, , , , , , , , , , 
25093, , , , , , , , , , , , , , , , , , , , -0.8970000000001784, -201681.0, , -0.5407983153440727, , , , , , , , , , 
25293, , , , , , , , , , , , , , , , , , , , -0.888999999999861, -206159.0, , -0.5194481272956637, , , , , , , , , , 
25493, , , , , , , , , , , , , , , , , , , , -0.900000000000179, -210627.0, , -0.5647064209251076, , , , , , , , , , 
25693, , , , , , , , , , , , , , , , , , , , -0.8964999999998599, -215105.0, , -0.524477474279458, , , , , , , , , , 
25893, , , , , , , , , , , , , , , , , , , , -0.8880000000001766, -219577.0, , -0.5717985984622701, , , , , , , , , , 
26093, , , , , , , , , , , , , , , , , , , , -0.8960000000001782, -224056.0, , -0.5262215900125211, , , , , , , , , , 
26293, , , , , , , , , , , , , , , , , , , , -0.9273684210523653, -228529.0, , -0.49902294444493056, , , , , , , , , , 
26493, , , , , , , , , , , , , , , , , , , , -0.9257894736842909, -232980.0, , -0.48461083942110605, , , , , , , , , , 
26693, , , , , , , , , , , , , , , , , , , , -0.8974999999998597, -237454.0, , -0.5321568045701061, , , , , , , , , , 
26893, , , , , , , , , , , , , , , , , , , , -0.8990000000001789, -241930.0, , -0.5201007888449222, , , , , , , , , , 
64393, , , , , , , , , , , , , , , , , , , , -0.19100000000003803, -341471.0, , -8.985950210531302, , , , , , , , , , 
64593, , , , , , , , , , , , , , , , , , , , -0.5749999999997059, -343535.0, , -5.541398585169489, , , , , , , , , , 
64793, , , , , , , , , , , , , , , , , , , , -0.8410000000001674, -347182.0, , -1.926311067253835, , , , , , , , , , 
64993, , , , , , , , , , , , , , , , , , , , -0.8985000000001787, -351781.0, , -0.2403971218079023, , , , , , , , , , 
65193, , , , , , , , , , , , , , , , , , , , -0.9373684210523624, -356203.0, , -0.4899096088891002, , , , , , , , , , 
65393, , , , , , , , , , , , , , , , , , , , -0.8865000000001764, -360691.0, , -0.5895210536191935, , , , , , , , , , 
65593, , , , , , , , , , , , , , , , , , , , -0.8899999999995447, -365169.0, , -0.5439227666901661, , , , , , , , , , 
65793, , , , , , , , , , , , , , , , , , , , -0.8855000000001763, -369646.0, , -0.5564139483939634, , , , , , , , , , 
65993, , , , , , , , , , , , , , , , , , , , -0.8975000000001786, -374123.0, , -0.5446966023662244, , , , , , , , , , 
66193, , , , , , , , , , , , , , , , , , , , -0.8885000000001768, -378602.0, , -0.5641881302706643, , , , , , , , , , 
66393, , , , , , , , , , , , , , , , , , , , -0.8925000000001775, -383086.0, , -0.5091821839711865, , , , , , , , , , 
66593, , , , , , , , , , , , , , , , , , , , -0.9004999999995393, -387557.0, , -0.5075750438774794, , , , , , , , , , 
66793, , , , , , , , , , , , , , , , , , , , -0.8930000000001777, -392034.0, , -0.51836817526302, , , , , , , , , , 
66993, , , , , , , , , , , , , , , , , , , , -0.9010000000001793, -396506.0, , -0.5341558162548754, , , , , , , , , , 
67193, , , , , , , , , , , , , , , , , , , , -0.8704761904761575, -400990.0, , -0.6028541100304319, , , , , , , , , , 
67393, , , , , , , , , , , , , , , , , , , , -0.8920000000001775, -405451.0, , -0.5671116973605785, , , , , , , , , , 
67593, , , , , , , , , , , , , , , , , , , , -0.9004999999995393, -409932.0, , -0.4755426837255363, , , , , , , , , , 
67793, , , , , , , , , , , , , , , , , , , , -0.8935000000001778, -414399.0, , -0.5656194240821187, , , , , , , , , , 
67993, , , , , , , , , , , , , , , , , , , , -0.8860000000001762, -418881.0, , -0.5353507407794478, , , , , , , , true, true, 
68193, , , , , , , , , , , , , , , , , , , , -0.8925000000001775, -423354.0, , -0.535952064577783, , , , , , , , , , 
68393, , , , , , , , , , , , , , , , , , , , -0.8580952380952056, -427837.0, , -0.6304271121888251, , , , , , , , , , 
68593, 25.000000000004974, 0.012500000000002487, -25.000000000004974, -0.01000000000000199, , , , , , , , , , , , , , , , -0.8824999999995484, -432291.0, , -0.5900738067279162, , , , , , , , , , 
68793, 0.0, 0.0, 0.0, 0.0, , , , , , , , , , , , , , , , -0.8810000000001752, -436771.0, , -0.5667988464372157, , , , , , , , , , 
68993, , , , , , , , , , , , , , , , , , , , -0.8542857142856819, -441265.0, , -0.6024965450116215, , , , , , , , , , 
69193, , , , , , , , , , , , , , , , , , , , -0.8944999999995423, -445721.0, , -0.6666939806362298, , , , , , , , , , 
69393, , , , , , , , , , , , , , , , , , , , -0.8870000000001765, -450198.0, , -0.6031102913129162, , , , , , , , , , 
69593, , , , , , , , , , , , , , , , , , , , -0.9075000000001806, -454690.0, , -0.5383964345329605, , , , , , , , , , 
69793, , , , , , , , , , , , , , , , , , , , -0.8599999999999675, -459157.0, , -0.65567896583722, , , , , , , , , , 
69993, , , , , , , , , , , , , , , , , , , , -0.8576190476190152, -463627.0, , -0.6715472571726805, , , , , , , , , , 
70193, , , , , , , , , , , , , , , , , , , , -0.8865000000001764, -468088.0, , -0.5418919997868107, , , , , , , , , , 
70393, , , , , , , , , , , , , , , , , , , , -0.8695238095237766, -472572.0, , -0.5618110906421989, , , , , , , , , , 
70593, , , , , , , , , , , , , , , , , , , , -0.9357894736839417, -477033.0, , -0.4587914833969262, , , , , , , , , , 
70793, , , , , , , , , , , , , , , , , , , , -0.8970000000001784, -481503.0, , -0.49051467931197845, , , , , , , , , , 
70993, , , , , , , , , , , , , , , , , , , , -0.8965000000001784, -485969.0, , -0.5335612024814073, , , , , , , , , , 
71193, , , , , , , , , , , , , , , , , , , , -0.8954999999995419, -490445.0, , -0.62705880661017, , , , , , , , , , 
71393, , , , , , , , , , , , , , , , , , , , -0.8905000000001771, -494927.0, , -0.4816421335301456, , , , , , , , , , 
71593, , , , , , , , , , , , , , , , , , , , -0.8561904761904437, -499391.0, , -0.6498588494306496, , , , , , , , , , 
71793, , , , , , , , , , , , , , , , , , , , -0.9347368421056937, -503866.0, , -0.4502421385125126, , , , , , , , , , 
71993, , , , , , , , , , , , , , , , , , , , -0.8633333333333006, -508342.0, , -0.5379148792310589, , , , , , , , , , 
72193, , , , , , , , , , , , , true, , , , , , , -0.9384210526313095, -512812.0, , -0.4236298368442222, , , true, true, , , , , , 
72393, -13.157894736848167, -0.006578947368424084, 12.500000000002487, 0.005000000000000995, , , , , , , , , , , , , , , , -0.8584210526313324, , , , , , , , , , , , , 
72493, , , , , , , , , , , , , false, , , , , , , , -516726.0, , -1.7624551321093895, , , false, false, , , , , , 
72593, 12.499999999993605, 0.006249999999996802, 0.0, 0.0, , , , , , , , , , , , , , , , -0.919500000000183, -521312.0, , , , , , , , , , , , 
72693, , , , , , , , , , , , , , , , , , , , , , , -0.23502591481355195, , , , , , , , , , 
72793, 0.0, , , , , , , , , , , , , , , , , , , , , , , , , , , , , , , , 
72893, , 0.0, , , , , , , , , , , , , , , , , , -0.8990000000001789, -525743.0, , -0.5903336546118335, , , , , , , , , , 
73093, , , , , , , , , , , , , , , , , , , , -0.8870000000001765, -530237.0, , -0.5864759966453766, , , , , , , , , , 
73293, , , , , , , , , , , , , , , , , , , , -0.8984999999995403, -534716.0, , -0.5344103957062435, , , , , , , , , , 
73493, , , , , , , , , , , , , , , , , , , , -0.900999999999539, -539192.0, , -0.5411497711525408, , , , , , , , , , 
73693, , , , , , , , , , , , , , , , , , , , -0.8975000000001786, -543668.0, , -0.5480152634219266, , , , , , , , , , 
73893, 12.500000000002487, 0.006250000000001243, -12.499999999993605, -0.004999999999997442, , , , , , , , , true, , , , , , , -0.7247368421055971, -547928.0, , -1.7475079012713413, , , true, true, , , , , , 
74093, 0.0, 0.0, 0.0, 0.0, , , , , , , , , false, , , , , , , -0.8947619047618708, -552059.0, , -0.8437018156461782, , , false, false, , , , , , 
74293, , , , , , , , , , , , , , , , , , , , -0.8559999999995621, -556607.0, , -0.8026089020236995, , , , , , , , , , 
74493, , , , , , , , , , , , , , , , , , , , -0.8829999999995483, -561099.0, , -0.450097573618461, , , , , , , , , , 
74693, , , , , , , , , , , , , , , , , , , , -0.8945000000001779, -565563.0, , -0.5645687124105115, , , , , , , , , , 
74893, , , , , , , , , , , , , , , , , , , , -0.8885000000001768, -570045.0, , -0.5502862486797094, , , , , , , , , , 
75093, , , , , , , , , , , , , , , , , , , , -0.8925000000001775, -574518.0, , -0.5665292863865998, , , , , , , , , , 
75293, , , , , , , , , , , , , true, , , , , , , -0.896999999999541, -579001.0, , -0.5203572466821588, , , true, true, , , , , , 
75493, -12.500000000002487, -0.006250000000001243, 11.904761904761454, 0.004761904761904582, , , , , , , , , , , , , , , , -0.8039999999995886, -582976.0, , -2.0451060481600036, , , , , , , , , , 
75693, 12.499999999993605, 0.006249999999996802, -11.904761904761454, -0.004761904761904582, , , , , , , , , false, , , , , , , -0.929500000000185, -587476.0, , -0.18219124119456503, , , false, false, , , , false, false, 
75893, -12.500000000002487, -0.006250000000001243, 0.0, 0.0, , , , , , , , , , , , , , , , -0.8940000000001779, -591908.0, , -0.6824785989928205, , , , , , , , , , 
76093, 12.500000000002487, 0.006250000000001243, -12.499999999993605, -0.004999999999997442, , , , , , , , , , , , , , , , -0.8945000000001779, -596397.0, , -0.597777788954978, , , , , , , , , , 
76293, 0.0, 0.0, 0.0, 0.0, , , , , , , , , , , , , , , , -0.8884999999995454, -600880.0, , -0.5507951322045465, , , , , , , , , , 
76493, , , , , , , , , , , , , , , , , , , , -0.8929999999995433, -605356.0, , -0.5410300210497444, , , , , , , , , , 
76693, , , , , , , , , , , , , , , , , , , , -0.9055000000001802, -609832.0, , -0.5286041508836606, , , , , , , , , , 
76893, , , , , , , , , , , , , , , , , , , , -0.8975000000001786, -614309.0, , -0.5253420920937061, , , , , , , , , , 
77093, , , , , , , , , , , , , , , , , , , , -0.9205000000001831, -618789.0, , -0.4642632911317178, , , , , , , , , , 
77293, , , , , , , , , , , , , , , , , , , , -0.9219999999995284, -623274.0, , -0.43093426423669373, , , , , , , , , , 
77493, , , , , , , , , , , , , , , , , , , , -0.8839999999995477, -627728.0, , -0.5823060422254693, , , , , , , , , , 
77693, , , , , , , , , , , , , , , , , , , , -0.9250000000001841, -632219.0, , -0.46396110718572525, , , , , , , , , , 
77893, , , , , , , , , , , , , , , , , , , , -0.9190000000001828, -636694.0, , -0.4638808276859764, , , , , , , , , , 
78093, , , , , , , , , , , , , , , , , , , , -0.9070000000001804, -641165.0, , -0.5057544794756214, , , , , , , , , , 
78293, , , , , , , , , , , , , , , , , , , , -0.9109999999995338, -645648.0, , -0.4671717699982546, , , , , , , , , , 
172793, 0.0, , 0.0, 0.0, 0.0, 0.0, 0.0, false, 0.0, , , , false, , false, false, , false, Disabled, , -645648.0, false, , false, , , false, , , , , false, 0.0
172893, , 0.0, , , , , , , , false, 0.0, false, , false, , , true, , , -0.9109999999995338, , , -0.4671717699982546, , -0.92, false, , false, false, true, false, , 
187593, , , , , , , , , , , , , , , , , , , , 0.0, 0.0, , 0.0, , 0.0, , , , , , , , 
191193, , , , , , , , , , , , , , , , , , , , -0.1490476190476386, -172.0, , -10.741188533834546, , -0.92, , , , , , true, true, 
191393, , , , , , , , , , , , , , , , , , , , -0.5266666666666467, -2057.0, , -6.072930899961665, , , , , , , , , , 
191593, , , , , , , , , , , , , , , , , , , , -0.7966666666666364, -5566.0, , -2.299051913175928, , , , , , , , , , 
191793, 50.000000000001066, 0.025000000000000532, , , , , , , , , , , , , , , , , , -0.9220000000000197, -10115.0, , -0.14359372259853626, , , , , , , , , , 
191993, 12.500000000000266, 0.006250000000000133, , , , , , , , , , , , , , , , , , -0.8833333333332998, -14550.0, , -0.6144215784090775, , , , , , , , , , 
192193, 0.0, 0.0, , , , , , , , , , , , , , , , , , -0.8542857142858264, -19031.0, , -0.6847193283282632, , , , , , , , , , 
192393, , , , , , , , , , , , , , , , , , , , -0.9070000000000193, -23510.0, , -0.543958314392723, , , , , , , , , , 
192593, , , , , , , , , , , , , , , , , , , , -0.8599999999999675, -27982.0, , -0.6778644334465189, , , , , , , , , , 
192793, , , , , , , , , , , , , , , , , , , , -0.863809523809491, -32459.0, , -0.6028755172170495, , , , , , , , , , 
192993, , , , , , , , , , , , , , , , , , , , -0.8676190476190148, -36931.0, , -0.579429137054276, , , , , , , , , , 
193193, , , , , , , , , , , , , , , , , , , , -0.8609523809524939, -41411.0, , -0.5800134466958462, , , , , , , , , , 
193393, , , , , , , , , , , , , , , , , , , , -0.8975000000000191, -45879.0, , , , , , , , , , , , 
193493, , , , , , , , , , , , , , , , , , , , , , , -0.6003650160189155, , , , , , , , , , 
193593, , , , , , , , , , , , , , , , , , , , -0.9010000000000192, -50357.0, , -0.5587821399822315, , , , , , , , , , 
193793, , , , , , , , , , , , , , , , , , , , -0.9040000000000192, -54837.0, , -0.525897406914206, , , , , , , , , , 
193993, , , , , , , , , , , , , , , , , , , , -0.8835000000000188, -59311.0, , -0.5700579216632741, , , , , , , , , , 
194193, , , , , , , , , , , , , , , , , , , , -0.8633333333334466, -63788.0, , -0.5822784745556819, , , , , , , , , , 
194393, , , , , , , , , , , , , , , , , , , , -0.9170000000000195, -68262.0, , -0.4670208430123257, , , , , , , , , , 
194593, , , , , , , , , , , , , , , , , , , , -0.8666666666666338, -72726.0, , -0.616501122618678, , , , , , , , , , 
194793, , , , , , , , , , , , , , , , , , , , -0.9135000000000195, -77207.0, , -0.49826390217506566, , , , , , , , , , 
194993, , , , , , , , , , , , , , , , , , , , -0.8623809523809197, -81677.0, , -0.5837307267530377, , , , , , , , , , 
195193, , , , , , , , , , , , , , , , , , , , -0.9085000000000194, -86140.0, , -0.533659538735903, , , , , , , , , , 
195393, , , , , , , , , , , , , , , , , , , , -0.8990000000000192, -90613.0, , -0.616597488661384, , , , , , , , , , 
195593, , , , , , , , , , , , , , , , , , , , -0.869999999999967, -95104.0, , -0.5427339330493851, , , , , , , , , , 
195793, , , , , , , , , , , , , , , , , , , , -0.8990000000000192, -99571.0, , -0.5392286480932252, , , , , , , , , , 
195993, , , , , , , , , , , , , , , , , , , , -0.860476190476158, -104039.0, , -0.5955701012014797, , , , , , , , , , 
196193, , , , , , , , , , , , , true, , , , , , , -0.9100000000000193, -108519.0, , -0.48712617124542157, , , true, true, , , , , , 
196393, -12.500000000000266, -0.006250000000000133, , , , , , , , , , , false, , , , , , , -0.8130000000000173, -112491.0, , -1.994727799949069, , , false, false, , , , , , 
196593, 0.0, 0.0, , , , , , , , , , , , , , , , , , -0.94400000000002, -117028.0, , -0.10750627142034501, , , , , , , , , , 
196793, , , , , , , , , , , , , , , , , , , , -0.9105000000000194, , , , , , , , , , , , , 
196893, , , , , , , , , , , , , , , , , , , , , -121450.0, , -0.6344368910076083, , , , , , , , , , 
196993, , , , , , , , , , , , , , , , , , , , -0.8970000000000191, , , , , , , , , , , , , 
197093, , , , , , , , , , , , , , , , , , , , , -125953.0, , -0.5135613155865558, , , , , , , , , , 
197193, , , , , , , , , , , , , , , , , , , , -0.9075000000000194, , , , , , , , , , , , , 
197293, , , , , , , , , , , , , , , , , , , , , -130416.0, , -0.554050602067653, , , , , , , , , , 
197393, , , , , , , , , , , , , , , , , , , , -0.9090000000000193, , , , , , , , , , , , , 
197493, , , , , , , , , , , , , , , , , , , , , -134894.0, , -0.5314965812054107, , , , , , , , , , 
197593, , , , , , , , , , , , , , , , , , , , -0.9025000000000192, , , , , , , , , , , , , 
197693, , , , , , , , , , , , , , , , , , , , , -139371.0, , -0.5350328562451069, , , , , , , , , , 
197793, , , , , , , , , , , , , , , , , , , , -0.9020000000000192, , , , , , , , , , , , , 
197893, , , , , , , , , , , , , , , , , , , , , -143845.0, , -0.5382710964872968, , , , , , , , , , 
197993, , , , , , , , , , , , , , , , , , , , -0.9015000000000192, , , , , , , , , , , , , 
198093, , , , , , , , , , , , , , , , , , , , , -148323.0, , -0.523865475870065, , , , , , , , , , 
198193, , , , , , , , , , , , , , , , , , , , -0.8985000000000192, , , , , , , , , , , , , 
198293, , , , , , , , , , , , , , , , , , , , , -152794.0, , -0.5527641773462402, , , , , , , , , , 
198393, , , , , , , , , , , , , , , , , , , , -0.9050000000000193, , , , , , , , , , , , , 
198493, , , , , , , , , , , , , , , , , , , , , -157272.0, , -0.5033633691503802, , , , , , , , , , 
198693, , , , , , , , , , , , , true, , , , , , , -0.6961904761904498, -161419.0, , -2.2191916756209777, , , true, true, , , , , , 
198893, , , , , , , , , , , , , false, , , , , , , -0.9495000000000202, -165687.0, , -0.48874343500691064, , , false, false, , , , , , 
199093, , , , , , , , , , , , , , , , , , , , -0.8810000000000188, -170198.0, , -0.7261473345804152, , , , , , , , , , 
199293, , , , , , , , , , , , , , , , , , , , -0.9045000000000192, -174694.0, , -0.4518995967661976, , , , , , , , , , 
199493, , , , , , , , , , , , , , , , , , , , -0.9075000000000194, -179160.0, , -0.505824670011416, , , , , , , , , , 
199693, , , , , , , , , , , , , , , , , , , , -0.9070000000000193, -183637.0, , -0.5195880093373635, , , , , , , , , , 
199893, , , , , , , , , , , , , , , , , , , , -0.8955000000000191, -188110.0, , -0.5403640209306596, , , , , , , , , , 
200093, , , , , , , , , , , , , , , , , , , , -0.8642857142856815, -192586.0, , -0.5859297642141337, , , , , , , , , , 
200293, , , , , , , , , , , , , , , , , , , , -0.9115000000000195, -197065.0, , -0.4738786315246071, , , , , , , , , , 
200493, , , , , , , , , , , , , , , , , , , , -0.9070000000000193, -201538.0, , -0.5089461073580315, , , , , , , , , , 
200693, , , , , , , , , , , , , , , , , , , , -0.9015000000000192, -206011.0, , -0.5317430176059151, , , , , , , , , , 
200893, , , , , , , , , , , , , true, , , , , , , -0.7880000000000167, -210429.0, , -0.9599219382937699, , , true, true, , , , , , 
201093, , , , , , , , , , , , , false, , , , , , , -0.8623809523809197, -214381.0, , -1.177812195125196, , , false, false, , , , false, false, 
201293, , , , , , , , , , , , , , , , , , , , -0.8480952380953495, -218971.0, , -0.5410219435547843, , , , , , , , , , 
201493, , , , , , , , , , , , , , , , , , , , -0.9175000000000195, -223414.0, , -0.4293450578826269, , , , , , , , , , 
201693, 25.000000000000533, 0.012500000000000266, , , , , , , , , , , , , , , , , , -0.8940000000000191, -227874.0, , -0.5654563590192265, , , , , , , , , , 
201893, 0.0, 0.0, , , , , , , , , , , , , , , , , , -0.8920000000000191, -232356.0, , -0.5387624184240777, , , , , , , , , , 
202093, , , , , , , , , , , , , , , , , , , , -0.888999999999861, -236826.0, , -0.5686843469355044, , , , , , , , , , 
202293, , , , , , , , , , , , , , , , , , , , -0.8875000000000189, -241304.0, , -0.5622592215839904, , , , , , , , , , 
202493, , , , , , , , , , , , , , , , , , , , -0.9020000000000192, -245778.0, , -0.5137565035092375, , , , , , , , , , 
202693, , , , , , , , , , , , , , , , , , , , -0.8830000000000188, -250249.0, , -0.5751855672276616, , , , , , , , , , 
202893, , , , , , , , , , , , , , , , , , , , -0.8905000000000189, -254725.0, , -0.5626389217383294, , , , , , , , , , 
203093, , , , , , , , , , , , , , , , , , , , -0.8874999999998613, -259202.0, , -0.5206240255929261, , , , , , , , , , 
203293, , , , , , , , , , , , , , , , , , , , -0.8930000000000191, -263671.0, , -0.544313446607006, , , , , , , , , , 
203493, , , , , , , , , , , , , , , , , , , , -0.8880000000000189, -268141.0, , -0.583981947127475, , , , , , , , , , 
203693, , , , , , , , , , , , , , , , , , , , -0.8790000000000188, -272616.0, , -0.5856479069042562, , , , , , , , , , 
228093, , , , , , , , , , , , , , , , , , , , -0.008000000000001591, -377427.0, , -5.797258646194108, , , , , , , , , , 
228293, , , , , , , , , , , , , , , , , , , , -0.42899999999993293, -378656.0, , -7.332169863089676, , , , , , , , , , 
228493, , , , , , , , , , , , , , , , , , , , -0.769473684210593, -381688.0, , -3.3012347252101755, , , , , , , , , , 
228693, , , , , , , , , , , , , , , , , , , , -0.9624999999998496, -386004.0, , -0.3518207464707703, , , , , , , , , , 
228893, , , , , , , , , , , , , , , , , , , , -0.9115789473685001, -390502.0, , -0.6669543466485303, , , , , , , , , , 
229093, , , , , , , , , , , , , , , , , , , , -0.9094999999998579, -395000.0, , -0.4422078431027403, , , , , , , , , , 
229293, , , , , , , , , , , , , , , , , , , , -0.863809523809491, -399468.0, , -0.6560547310803013, , , , , , , , , , 
229493, , , , , , , , , , , , , , , , , , , , -0.8590476190478771, -403946.0, , -0.6722723570987437, , , , , , , , , , 
229693, , , , , , , , , , , , , , , , , , , , -0.860476190476158, -408425.0, , -0.6357974969478383, , , , , , , , , , 
229893, , , , , , , , , , , , , , , , , , , , -0.9085000000001807, -412887.0, , -0.5137923001334621, , , , , , , , , , 
230093, , , , , , , , , , , , , , , , , , , , -0.8975000000001786, -417367.0, , -0.5956697096842254, , , , , , , , , , 
230293, , , , , , , , , , , , , , , , , , , , -0.9029999999998588, -421831.0, , -0.5637698277788259, , , , , , , , , , 
230493, , , , , , , , , , , , , , , , , , , , -0.8623809523812115, -426317.0, , -0.6608684052413027, , , , , , , , , , 
230693, , , , , , , , , , , , , , , , , , , , -0.8495238095237773, -430787.0, , -0.695318193161791, , , , , , , , , , 
230893, , , , , , , , , , , , , , , , , , , , -0.860476190476158, -435258.0, , -0.6608546805784808, , , , , , , , , , 
231093, , , , , , , , , , , , , , , , , , , , -0.8930000000001777, -439732.0, , -0.6470578033684596, , , , , , , , , , 
231293, , , , , , , , , , , , , , , , , , , , -0.8904999999998607, -444205.0, , -0.6514804523127569, , , , , , , , , , 
231493, , , , , , , , , , , , , , , , , , , , -0.8485714285716836, -448679.0, , -0.7261374473552442, , , , , , , , , , 
231693, , , , , , , , , , , , , , , , , , , , -0.9029999999998588, -453164.0, , -0.5028863226380272, , , , , , , , true, true, 
231893, -13.157894736843247, -0.006578947368421624, , , , , , , , , , , , , , , , , , -0.8890000000001768, -457610.0, , -0.6027721783210618, , , , , , , , , , 
232093, 0.0, 0.0, , , , , , , , , , , , , , , , , , -0.8547619047618724, -462114.0, , -0.6029145689370126, , , , , , , , , , 
232293, , , , , , , , , , , , , , , , , , , , -0.8924999999998604, -466562.0, , -0.5711402139012461, , , , , , , , , , 
232493, , , , , , , , , , , , , , , , , , , , -0.8930000000001777, -471051.0, , -0.6089081023847939, , , , , , , , , , 
232693, , , , , , , , , , , , , , , , , , , , -0.8538095238094915, -475522.0, , -0.6961184820383005, , , , , , , , , , 
232893, , , , , , , , , , , , , , , , , , , , -0.8859999999998615, -479997.0, , -0.6277412501300987, , , , , , , , , , 
233093, , , , , , , , , , , , , , , , , , , , -0.8580952380952056, -484473.0, , -0.6227358504251351, , , , , , , , , , 
233293, , , , , , , , , , , , , , , , , , , , -0.8984999999998595, -488937.0, , -0.6112732744696696, , , , , , , , , , 
233493, , , , , , , , , , , , , , , , , , , , -0.8855000000001763, -493413.0, , -0.6706456443552433, , , , , , , , , , 
233693, , , , , , , , , , , , , , , , , , , , -0.8733333333333002, -497892.0, , -0.5366186836913894, , , , , , , , , , 
233893, , , , , , , , , , , , , , , , , , , , -0.8864999999998615, -502352.0, , -0.6808566345876862, , , , , , , , , , 
234093, , , , , , , , , , , , , , , , , , , , -0.9105000000001812, -506844.0, , -0.514148375113251, , , , , , , , , , 
234293, , , , , , , , , , , , , , , , , , , , -0.89549999999986, -511303.0, , -0.595733466606187, , , , , , , , , , 
234493, , , , , , , , , , , , , , , , , , , , -0.8595238095240678, -515782.0, , -0.624604982129309, , , , , , , , , , 
234693, , , , , , , , , , , , , , , , , , , , -0.9009999999998591, -520265.0, , -0.4749032183366908, , , , , , , , , , 
234893, , , , , , , , , , , , , , , , , , , , , -524735.0, , -0.5187104315153065, , , , , , , , , , 
235093, , , , , , , , , , , , , , , , , , , , -0.9020000000001794, -529202.0, , -0.5463664653316882, , , , , , , , , , 
235293, , , , , , , , , , , , , , , , , , , , -0.8909999999998608, -533684.0, , -0.5443082281665993, , , , , , , , , , 
235493, , , , , , , , , , , , , , , , , , , , -0.9030000000001798, -538158.0, , -0.5069393961771057, , , , , , , , , , 
235693, , , , , , , , , , , , , , , , , , , , -0.9014999999998592, -542625.0, , -0.5595300122246117, , , , , , , , , , 
235893, , , , , , , , , , , , , , , , , , , , -0.8909999999998608, -547096.0, , -0.5795450421978967, , , , , , , , , , 
236093, , , , , , , , , , , , , , , , , , , , -0.90450000000018, -551573.0, , -0.5264533016186288, , , , , , , , , , 
236293, , , , , , , , , , , , , , , , , , , , -0.902499999999859, -556021.0, , -0.5413550864063454, , , , , , , , , , 
236493, , , , , , , , , , , , , , , , , , , , -0.8945000000001779, -560497.0, , -0.555145465755133, , , , , , , , , , 
236693, , , , , , , , , , , , , true, , , , , , , -0.8855000000001763, -564968.0, , -0.5668269655990716, , , true, true, , , , , , 
236893, -12.500000000002487, -0.006250000000001243, , , , , , , , , , , false, , , , , , , -0.7944999999995935, -568932.0, , -2.0872319351144526, , , false, false, , , , , , 
237093, 0.0, 0.0, , , , , , , , , , , , , , , , , , -0.9305000000001851, -573441.0, , -0.2053121747773639, , , , , , , , , , 
237293, , , , , , , , , , , , , , , , , , , , -0.900000000000179, -577887.0, , -0.6107096269429276, , , , , , , , , , 
237493, , , , , , , , , , , , , , , , , , , , -0.8945000000001779, -582377.0, , -0.5394820111942445, , , , , , , , , , 
237693, , , , , , , , , , , , , , , , , , , , , -586850.0, , -0.5335460418581534, , , , , , , , , , 
237893, , , , , , , , , , , , , , , , , , , , -0.8934999999995429, -591323.0, , -0.5540555037354188, , , , , , , , , , 
238093, , , , , , , , , , , , , , , , , , , , -0.8785000000001748, -595801.0, , -0.5704050502703049, , , , , , , , , , 
238293, , , , , , , , , , , , , , , , , , , , -0.8935000000001778, -600276.0, , -0.5492239286655022, , , , , , , , , , 
238493, , , , , , , , , , , , , , , , , , , , -0.8975000000001786, -604758.0, , -0.5309013634580315, , , , , , , , , , 
238693, , , , , , , , , , , , , , , , , , , , -0.8885000000001768, -609225.0, , -0.5631429998169551, , , , , , , , , , 
238893, , , , , , , , , , , , , , , , , , , , -0.8889999999995453, -613702.0, , -0.5503982787641871, , , , , , , , , , 
239093, , , , , , , , , , , , , true, , , , , , , -0.7185000000001429, -617834.0, , -2.2337115232314755, , , true, true, , , , , , 
239293, , , , , , , , , , , , , false, , , , , , , -0.9320000000001853, -622125.0, , -0.44406540111737014, , , false, false, , , , , , 
239493, , , , , , , , , , , , , , , , , , , , -0.8660000000001723, -626637.0, , -0.7121159733983187, , , , , , , , , , 
239693, , , , , , , , , , , , , , , , , , , , -0.8945000000001779, -631127.0, , -0.4702766544466176, , , , , , , , , , 
239893, , , , , , , , , , , , , , , , , , , , -0.8869999999995463, -635587.0, , -0.5846645334290879, , , , , , , , , , 
240093, , , , , , , , , , , , , , , , , , , , -0.8905000000001771, -640070.0, , -0.5685364396456244, , , , , , , , , , 
240293, , , , , , , , , , , , , , , , , , , , -0.8880000000001766, -644547.0, , -0.5493711104715822, , , , , , , , , , 
240493, , , , , , , , , , , , , , , , , , , , -0.8955000000001782, -649024.0, , -0.5289659134203921, , , , , , , , , , 
240693, , , , , , , , , , , , , , , , , , , , -0.9120000000001814, -653500.0, , -0.4960084095656876, , , , , , , , , , 
240893, , , , , , , , , , , , , , , , , , , , -0.8829999999995483, -657975.0, , -0.5506621956100335, , , , , , , , , , 
241093, , , , , , , , , , , , , , , , , , , , -0.8920000000001775, -662444.0, , -0.5902209460420436, , , , , , , , , , 
241293, 12.499999999993605, 0.006249999999996802, , , , , , , , , , , true, , , , , , , -0.7625000000001516, -666851.0, , -1.0636567239054422, , , true, true, , , , , , 
241493, 0.0, 0.0, , , , , , , , , , , false, , , , , , , -0.9020000000001794, -670823.0, , -1.0707416888809513, , , false, false, , , , false, false, 
241693, 12.500000000002487, 0.006250000000001243, , , , , , , , , , , , , , , , , , -0.8835000000001758, -675406.0, , -0.5044920109879895, , , , , , , , , , 
241893, 0.0, 0.0, , , , , , , , , , , , , , , , , , -0.891499999999544, -679856.0, , -0.539759301116841, , , , , , , , , , 
242093, 12.500000000002487, 0.006250000000001243, , , , , , , , , , , , , , , , , , -0.8950000000001781, -684327.0, , -0.6007725974777186, , , , , , , , , , 
242293, 0.0, 0.0, , , , , , , , , , , , , , , , , , -0.8970000000001784, -688819.0, , -0.5099792220038853, , , , , , , , , , 
242493, -12.500000000002487, -0.006250000000001243, , , , , , , , , , , , , , , , , , -0.8980000000001787, -693288.0, , -0.5129727173656811, , , , , , , , , , 
242693, 0.0, 0.0, , , , , , , , , , , , , , , , , , -0.8990000000001789, -697761.0, , -0.5254307242886389, , , , , , , , , , 
242893, , , , , , , , , , , , , , , , , , , , -0.9019999999995385, -702237.0, , -0.5281027955359495, , , , , , , , , , 
243093, , , , , , , , , , , , , , , , , , , , -0.8950000000001781, -706713.0, , -0.5210792952421598, , , , , , , , , , 
243293, , , , , , , , , , , , , , , , , , , , -0.8985000000001787, -711187.0, , -0.5171511930096131, , , , , , , , , , 
243493, , , , , , , , , , , , , , , , , , , , -0.8955000000001782, -715664.0, , -0.5202500290660828, , , , , , , , , , 
243693, , , , , , , , , , , , , , , , , , , , -0.9010000000001793, -720133.0, , -0.5169681579340868, , , , , , , , , , 
243893, , , , , , , , , , , , , , , , , , , , -0.8979999999995406, -724603.0, , -0.5603587451108706, , , , , , , , , , 
244093, , , , , , , , , , , , , , , , , , , , -0.9015000000001794, -729081.0, , -0.5420444729979991, , , , , , , , , , 
244293, , , , , , , , , , , , , , , , , , , , -0.8875000000001765, -733554.0, , -0.5627247478046866, , , , , , , , , , 
262993, , , , , , , , , , , , , , , , , , , , -0.2755000000000548, -839341.0, , -8.737194697588114, , , , , , , , , , 
263193, , , , , , , , , , , , , , , , , , , , -0.6160000000001226, -841713.0, , -4.873637956371916, , , , , , , , , , 
263393, , , , , , , , , , , , , , , , , , , , -0.869500000000173, -845548.0, , -1.5051077809504878, , , , , , , , , , 
263593, , , , , , , , , , , , , , , , , , , , -0.8799999999995498, -850152.0, , -0.39944903789166897, , , , , , , , , , 
263793, , , , , , , , , , , , , , , , , , , , -0.9079999999995355, -854592.0, , -0.46717616139463464, , , , , , , , , , 
263993, , , , , , , , , , , , , , , , , , , , -0.9065000000001803, -859075.0, , -0.49722390950647244, , , , , , , , , , 
264193, , , , , , , , , , , , , , , , , , , , -0.8905000000001771, -863546.0, , -0.535232882944667, , , , , , , , , , 
264393, , , , , , , , , , , , , , , , , , , , -0.8855000000001763, -868021.0, , -0.5406980514432198, , , , , , , , , , 
264593, , , , , , , , , , , , , , , , , , , , -0.8869999999995463, -872495.0, , -0.5622828809086204, , , , , , , , , , 
264793, , , , , , , , , , , , , , , , , , , , -0.8934999999995429, -876971.0, , -0.5414410396160493, , , , , , , , , , 
264993, , , , , , , , , , , , , , , , , , , , -0.9040000000001799, -881456.0, , -0.4942048557782127, , , , , , , , , , 
265193, , , , , , , , , , , , , , , , , , , , -0.8910000000001772, -885925.0, , -0.5331140070124402, , , , , , , , , , 
265393, , , , , , , , , , , , , , , , , , , , -0.8940000000001779, -890399.0, , -0.5419391559294181, , , , , , , , , , 
265593, , , , , , , , , , , , , , , , , , , , -0.8884999999995454, -894870.0, , -0.5614410195741275, , , , , , , , , , 
265793, , , , , , , , , , , , , , , , , , , , -0.8784999999995506, -899346.0, , -0.5996944447932674, , , , , , , , , , 
265993, , , , , , , , , , , , , , , , , , , , -0.8676190476190148, -903842.0, , -0.611576532130217, , , , , , , , , , 
266193, , , , , , , , , , , , , , , , , , , , -0.8755000000001741, -908290.0, , -0.615664330524336, , , , , , , , , , 
266393, , , , , , , , , , , , , , , , , , , , -0.8860000000001762, -912772.0, , -0.5631115510114596, , , , , , , , , , 
266593, , , , , , , , , , , , , , , , , , , , -0.889499999999545, -917249.0, , -0.4968470779056333, , , , , , , , true, true, 
266793, 12.500000000002487, 0.006250000000001243, , , , , , , , , , , , , , , , , , -0.8869999999995463, -921717.0, , -0.5602886798169712, , , , , , , , , , 
266993, 0.0, 0.0, , , , , , , , , , , , , , , , , , -0.8585714285713961, -926209.0, , -0.6545825434007929, , , , , , , , , , 
267193, , , 12.500000000002487, 0.005000000000000995, , , , , , , , , , , , , , , , -0.8825000000001756, -930670.0, , -0.5521275169327419, , , , , , , , , , 
267393, , , 0.0, 0.0, , , , , , , , , , , , , , , , -0.9326315789471005, -935149.0, , -0.48038433569213346, , , , , , , , , , 
267593, , , , , , , , , , , , , , , , , , , , -0.8919999999995436, -939616.0, , -0.549220962433019, , , , , , , , , , 
267793, , , , , , , , , , , , , , , , , , , , -0.896999999999541, -944097.0, , -0.5358159021480551, , , , , , , , , , 
267993, , , , , , , , , , , , , , , , , , , , -0.8642857142856815, -948581.0, , -0.6411869388881478, , , , , , , , , , 
268193, , , , , , , , , , , , , , , , , , , , -0.8980000000001787, -953047.0, , -0.5292064169742117, , , , , , , , , , 
268393, , , , , , , , , , , , , , , , , , , , -0.8885000000001768, -957523.0, , -0.5291331902873316, , , , , , , , , , 
268593, , , , , , , , , , , , , , , , , , , , -0.9278947368418388, -961992.0, , -0.49280067733649047, , , , , , , , , , 
268793, , , , , , , , , , , , , , , , , , , , -0.8839999999995477, -966462.0, , -0.5501403565144501, , , , , , , , , , 
268993, , , , , , , , , , , , , , , , , , , , -0.869999999999967, -970952.0, , -0.6183853902619795, , , , , , , , , , 
269193, , , , , , , , , , , , , , , , , , , , -0.9273684210530588, -975417.0, , -0.47920373368959374, , , , , , , , , , 
269393, , , , , , , , , , , , , , , , , , , , -0.9315789473681535, -979879.0, , -0.5224696561974943, , , , , , , , , , 
269593, , , , , , , , , , , , , , , , , , , , -0.8804999999995494, -984354.0, , -0.5959893876691785, , , , , , , , , , 
269793, , , , , , , , , , , , , , , , , , , , -0.9352631578944681, -988832.0, , -0.44435759048378715, , , , , , , , , , 
269993, , , , , , , , , , , , , , , , , , , , -0.8642857142856815, -993308.0, , -0.6810388538546704, , , , , , , , , , 
270193, , , , , , , , , , , , , , , , , , , , -0.8850000000001761, -997781.0, , -0.5529238502422104, , , , , , , , , , 
270393, , , , , , , , , , , , , , , , , , , , -0.8875000000001765, -1002248.0, , -0.5505611360544481, , , , , , , , , , 
270593, , , , , , , , , , , , , , , , , , , , -0.8924999999995433, -1006725.0, , -0.5306190884411263, , , , , , , , , , 
270793, , , , , , , , , , , , , , , , , , , , -0.8879999999995457, -1011196.0, , -0.5259687724692121, , , , , , , , , , 
270993, , , , , , , , , , , , , , , , , , , , -0.869999999999967, -1015679.0, , -0.6276840478831655, , , , , , , , , , 
271193, , , , , , , , , , , , , , , , , , , , -0.8925000000001775, -1020138.0, , -0.565495511941408, , , , , , , , , , 
271393, , , , , , , , , , , , , , , , , , , , -0.926315789474111, -1024593.0, , -0.45433908856782546, , , , , , , , , , 
271593, , , , , , , , , , , , , true, , , , , , , -0.7045000000001401, -1028815.0, , -1.9776898840018875, , , true, true, , , , , , 
271793, , , , , , , , , , , , , false, , , , , , , -0.9305000000001851, -1032996.0, , -0.6241179148125903, , , false, false, , , , , , 
271993, , , , , , , , , , , , , , , , , , , , -0.8499999999999679, -1037545.0, , -0.6860847069218089, , , , , , , , , , 
272193, , , , , , , , , , , , , , , , , , , , -0.9010000000001793, -1042012.0, , -0.5064235254396845, , , , , , , , , , 
272393, , , , , , , , , , , , , , , , , , , , -0.9378947368425374, -1046484.0, , -0.41328773329084834, , , , , , , , , , 
272593, , , , , , , , , , , , , , , , , , , , -0.85238095238092, -1050958.0, , -0.6064059676002217, , , , , , , , , , 
272793, , , , , , , , , , , , , , , , , , , , -0.896999999999541, -1055435.0, , -0.5315040912179156, , , , , , , , , , 
272993, , , , , , , , , , , , , , , , , , , , -0.9095000000001808, -1059911.0, , -0.5169384356401224, , , , , , , , , , 
273193, , , , , , , , , , , , , , , , , , , , -0.8795000000001749, -1064377.0, , -0.6091140433760411, , , , , , , , , , 
273393, , , , , , , , , , , , , , , , , , , , -0.8855000000001763, -1068859.0, , -0.5543172974027566, , , , , , , , , , 
273593, , , , , , , , , , , , , , , , , , , , -0.8859999999995467, -1073331.0, , -0.5555184053236044, , , , , , , , , , 
273793, , , , , , , , , , , , , true, , , , , , , -0.8804999999995494, -1077796.0, , -0.6291529688183582, , , true, true, , , , , , 
273993, , , , , , , , , , , , , false, , , , , , , -0.8690000000001729, -1081698.0, , -1.3508617906589189, , , false, false, , , , , , 
274193, , , 12.500000000002487, 0.005000000000000995, , , , , , , , , , , , , , , , -0.8850000000001761, -1086320.0, , -0.31337736848804343, , , , , , , , , , 
274393, , , 0.0, 0.0, , , , , , , , , , , , , , , , -0.9060000000001803, -1090740.0, , -0.529351662757541, , , , , , , , , , 
274593, , , , , , , , , , , , , , , , , , , , -0.8814999999995491, -1095231.0, , -0.5832334062373229, , , , , , , , , , 
274793, , , , , , , , , , , , , , , , , , , , -0.8954999999995419, -1099710.0, , -0.5316581719288078, , , , , , , , , , 
274993, , , , , , , , , , , , , , , , , , , , -0.9230000000001837, -1104194.0, , -0.452438668586492, , , , , , , , , , 
275193, , , , , , , , , , , , , , , , , , , , -0.8900000000001771, -1108655.0, , -0.5632730304766301, , , , , , , , , , 
275393, , , , , , , , , , , , , , , , , , , , , -1113135.0, , -0.5597298759631776, , , , , , , , , , 
275593, , , , , , , , , , , , , , , , , , , , -0.8899999999995447, -1117614.0, , -0.5366728742500182, , , , , , , , , , 
275793, , , , , , , , , , , , , , , , , , , , -0.8849999999995473, -1122088.0, , -0.5414830180430108, , , , , , , , , , 
275993, , , , , , , , , , , , , true, , , , , , , -0.8904761904761568, -1126577.0, , -0.5757355614980989, , , true, true, , , , , , 
276193, , , , , , , , , , , , , false, , , , , , , -0.7960000000001584, -1130504.0, , -2.005467100319251, , , false, false, , , , , , 
276393, , , , , , , , , , , , , , , , , , , , -0.9125000000001816, -1135035.0, , -0.22303596034882686, , , , , , , , false, false, 
276593, , , 12.500000000002487, 0.005000000000000995, , , , , , , , , , , , , , , , -0.8879999999995457, -1139470.0, , -0.6524344537221696, , , , , , , , , , 
276793, , , -13.157894736838326, -0.005263157894735331, , , , , , , , , , , , , , , , -0.8944999999995423, -1143959.0, , -0.5812216252831004, , , , , , , , , , 
276993, , , 0.0, 0.0, , , , , , , , , , , , , , , , -0.8990000000001789, -1148443.0, , -0.502545989925522, , , , , , , , , , 
277193, , , , , , , , , , , , , , , , , , , , -0.884000000000176, -1152907.0, , -0.5653460986213231, , , , , , , , , , 
277393, , , , , , , , , , , , , , , , , , , , , -1157380.0, , -0.5794946519041078, , , , , , , , , , 
277593, , , , , , , , , , , , , , , , , , , , -0.896999999999541, -1161858.0, , -0.5622185487930674, , , , , , , , , , 
277793, , , , , , , , , , , , , , , , , , , , -0.889499999999545, -1166336.0, , -0.5365693271029922, , , , , , , , , , 
277993, , , , , , , , , , , , , , , , , , , , -0.90500000000018, -1170818.0, , -0.47612103888770074, , , , , , , , , , 
278193, , , , , , , , , , , , , , , , , , , , -0.8905000000001771, -1175285.0, , -0.5350144915782766, , , , , , , , , , 
309393, , , , , , , , , , , , , , , , , , , , -0.008421052631576529, -1281832.0, , -5.898163144273407, , , , , , , , , , 
309593, , , , , , , , , , , , , , , , , , , , -0.4378947368419795, -1283047.0, , -7.343349207264177, , , , , , , , , , 
309793, , , , , , , , , , , , , , , , , , , , -0.7210000000006557, -1286038.0, , -3.510422562765605, , , , , , , , , , 
309993, , , , , , , , , , , , , , , , , , , , -0.9329999999995227, -1290306.0, , -0.5116447391011425, , , , , , , , , , 
310193, , , , , , , , , , , , , , , , , , , , -0.872000000000793, -1294822.0, , -0.7189091475097684, , , , , , , , , , 
310393, , , , , , , , , , , , , , , , , , , , -0.8642857142850966, -1299314.0, , -0.5353052958497301, , , , , , , , , , 
310593, , , , , , , , , , , , , , , , , , , , -0.8557142857148323, -1303783.0, , -0.5827265352012128, , , , , , , , , , 
310793, , , , , , , , , , , , , , , , , , , , -0.9378947368418359, -1308252.0, , -0.4119046839756884, , , , , , , , , , 
310993, , , , , , , , , , , , , , , , , , , , -0.8804999999995494, -1312730.0, , -0.5803372080197969, , , , , , , , , , 
311193, , , , , , , , , , , , , , , , , , , , -0.8538095238100692, -1317200.0, , -0.6385539177599366, , , , , , , , , , 
311393, , , , , , , , , , , , , , , , , , , , -0.8542857142851038, -1321678.0, , -0.6258107121022458, , , , , , , , , , 
311593, , , , , , , , , , , , , , , , , , , , -0.9394736842102565, -1326150.0, , -0.4048918057933115, , , , , , , , , , 
311793, , , , , , , , , , , , , , , , , , , , -0.8935000000008125, -1330620.0, , -0.6078398969549617, , , , , , , , , , 
311993, , , , , , , , , , , , , , , , , , , , -0.8744999999995526, -1335092.0, , -0.6208558293715559, , , , , , , , , , 
312193, , , , , , , , , , , , , , , , , , , , -0.8925000000008118, -1339563.0, , -0.4937145611362448, , , , , , , , , , 
312393, , , , , , , , , , , , , , , , , , , , -0.8984999999995403, -1344055.0, , -0.4876970790656032, , , , , , , , , , 
312593, , , , , , , , , , , , , , , , , , , , -0.8794999999995501, -1348514.0, , -0.6178173734310076, , , , , , , , , , 
312793, , , , , , , , , , , , , , , , , , , , -0.8945000000008136, -1353001.0, , -0.537801108635731, , , , , , , , , , 
312993, , , , , , , , , , , , , , , , , , , , -0.8819999999995487, -1357473.0, , -0.5484215013835728, , , , , , , , true, true, 
313193, , , , , , , , , , , , , , , , , , , , -0.8935000000008125, -1361943.0, , -0.5588300975336169, , , , , , , , , , 
313393, , , , , , , , , , , , , , , , , , , , -0.8879999999995457, -1366420.0, , -0.5743716759356721, , , , , , , , , , 
313593, -35.71428571426019, -0.017857142857130096, , , , , , , , , , , , , , , , , , -0.895000000000814, -1370887.0, , -0.4827526853559466, , , , , , , , , , 
313793, 0.0, 0.0, , , , , , , , , , , , , , , , , , -0.900500000000819, -1375360.0, , -0.5279622577554146, , , , , , , , , , 
313993, , , , , , , , , , , , , , , , , , , , -0.8789999999995504, -1379839.0, , -0.6050272722502122, , , , , , , , , , 
314193, , , , , , , , , , , , , , , , , , , , -0.9075000000008254, -1384325.0, , -0.5050687134575347, , , , , , , , , , 
314393, , , , , , , , , , , , , , , , , , , , -0.8954999999995419, -1388793.0, , -0.5401409279728505, , , , , , , , , , 
314593, , , , , , , , , , , , , , , , , , , , -0.8889999999995453, -1393264.0, , -0.5775403326632622, , , , , , , , , , 
314793, , , , , , , , , , , , , , , , , , , , -0.889500000000809, -1397743.0, , -0.5620330686775106, , , , , , , , , , 
314993, , , , , , , , , , , , , , , , , , , , -0.8694999999995552, -1402216.0, , -0.6006362164363346, , , , , , , , , , 
315193, , , , , , , , , , , , , , , , , , , , -0.8955000000008144, -1406693.0, , -0.5407100113403994, , , , , , , , , , 
315393, , , , , , , , , , , , , , , , , , , , -0.8959999999995416, -1411166.0, , -0.5607076233391527, , , , , , , , , , 
315593, , , , , , , , , , , , , , , , , , , , -0.8954999999995419, -1415644.0, , -0.5434846954239856, , , , , , , , , , 
315793, , , , , , , , , , , , , , , , , , , , -0.8845000000008044, -1420114.0, , -0.5889731146184913, , , , , , , , , , 
315993, , , , , , , , , , , , , , , , , , , , -0.8809999999995494, -1424593.0, , -0.5557996121636261, , , , , , , , , , 
316193, , , , , , , , , , , , , , , , , , , , -0.8900000000008095, -1429066.0, , -0.5554495033716866, , , , , , , , , , 
316393, , , , , , , , , , , , , , , , , , , , -0.8929999999995433, -1433540.0, , -0.5565406595610511, , , , , , , , , , 
316593, , , , , , , , , , , , , , , , , , , , -0.8844999999995474, -1438015.0, , -0.5584662945589862, , , , , , , , , , 
316793, , , , , , , , , , , , , , , , , , , , -0.8890000000008085, -1442486.0, , -0.5665821250668615, , , , , , , , , , 
316993, , , , , , , , , , , , , , , , , , , , -0.8794999999995501, -1446970.0, , -0.5476271542987324, , , , , , , , , , 
317193, , , , , , , , , , , , , , , , , , , , -0.895000000000814, -1451439.0, , -0.5375703406971115, , , , , , , , , , 
317393, , , , , , , , , , , , , , , , , , , , -0.8999999999995396, -1455916.0, , -0.5342780866207341, , , , , , , , , , 
317593, , , , , , , , , , , , , , , , , , , , -0.8924999999995433, -1460383.0, , -0.5699549826649655, , , , , , , , , , 
317793, , , , , , , , , , , , , , , , , , , , -0.8980000000008168, -1464862.0, , -0.5316088914195243, , , , , , , , , , 
317993, , , , , , , , , , , , , true, , , , , , , -0.8819999999995487, -1469333.0, , -0.557199451263572, , , true, true, , , , , , 
318193, , , , , , , , , , , , , false, , , , , , , -0.807000000000734, -1473308.0, , -1.9623532852478347, , , false, false, , , , , , 
318393, , , , , , , , , , , , , , , , , , , , -0.9314999999995234, -1477838.0, , -0.16746070946973124, , , , , , , , , , 
318593, , , , , , , , , , , , , , , , , , , , -0.8984999999995403, -1482264.0, , -0.636131700521375, , , , , , , , , , 
318793, , , , , , , , , , , , , , , , , , , , -0.8880000000008076, -1486760.0, , -0.5610111758337589, , , , , , , , , , 
318993, , , , , , , , , , , , , , , , , , , , -0.8749999999995524, -1491232.0, , -0.5723483354678228, , , , , , , , , , 
319193, , , , , , , , , , , , , , , , , , , , -0.8995000000008181, -1495709.0, , -0.528899427622724, , , , , , , , , , 
319393, , , , , , , , , , , , , , , , , , , , -0.885499999999547, -1500174.0, , -0.6082776896259092, , , , , , , , , , 
319593, , , , , , , , , , , , , , , , , , , , -0.8944999999995423, -1504655.0, , -0.5557017648940692, , , , , , , , , , 
319793, , , , , , , , , , , , , , , , , , , , -0.8975000000008162, -1509129.0, , -0.5836321908980863, , , , , , , , , , 
319993, , , , , , , , , , , , , , , , , , , , -0.9126315789471063, -1513610.0, , -0.5122734019901946, , , , , , , , , , 
320193, , , , , , , , , , , , , , , , , , , , -0.8955000000008144, -1518074.0, , -0.5445385592389085, , , , , , , , , , 
320393, , , , , , , , , , , , , true, , , , , , , -0.7334999999996247, -1522199.0, , -2.197799541380298, , , true, true, , , , , , 
320593, , , , , , , , , , , , , false, , , , , , , -0.9434999999995173, -1526502.0, , -0.43864612757127, , , false, false, , , , , , 
320793, , , , , , , , , , , , , , , , , , , , -0.877500000000798, -1531011.0, , -0.6917785809129, , , , , , , , , , 
320993, , , , , , , , , , , , , , , , , , , , -0.9057894736839504, -1535496.0, , -0.5025779657524617, , , , , , , , , , 
321193, , , , , , , , , , , , , , , , , , , , -0.8985000000008172, -1539964.0, , -0.5415168718519308, , , , , , , , , , 
321393, , , , , , , , , , , , , , , , , , , , -0.8794999999995501, -1544439.0, , -0.5915916778952851, , , , , , , , , , 
321593, , , , , , , , , , , , , , , , , , , , -0.9039999999995375, -1548913.0, , -0.518185908577223, , , , , , , , , , 
321793, , , , , , , , , , , , , , , , , , , , -0.8635000000007854, -1553382.0, , -0.6069069306178281, , , , , , , , , , 
321993, , , , , , , , , , , , , , , , , , , , -0.9068421052628974, -1557867.0, , -0.5204203199283802, , , , , , , , , , 
322193, , , , , , , , , , , , , , , , , , , , -0.8935000000008125, -1562335.0, , -0.5483434165828621, , , , , , , , , , 
322393, , , , , , , , , , , , , , , , , , , , -0.8784999999995506, -1566808.0, , -0.6014331728787838, , , , , , , , , , 
322593, , , -12.499999999993605, -0.004999999999997442, , , , , , , , , true, , , , , , , -0.7354999999996237, -1571195.0, , -1.1883449568634314, , , true, true, , , , , , 
322793, , , 0.0, 0.0, , , , , , , , , false, , , , , , , -0.8910000000008104, -1575134.0, , -1.1893782826402677, , , false, false, , , , false, false, 
322993, 13.157894736858008, 0.006578947368429004, -12.499999999993605, -0.004999999999997442, , , , , , , , , , , , , , , , -0.901578947368162, -1579717.0, , -0.49657519161417074, , , , , , , , , , 
323193, 0.0, 0.0, 0.0, 0.0, , , , , , , , , , , , , , , , -0.9045000000008226, -1584169.0, , -0.5038600960756939, , , , , , , , , , 
323393, , , , , , , , , , , , , , , , , , , , -0.891499999999544, , , , , , , , , , , , , 
